Symbol,LTP,Prev_Month,Prev_Month_High,Prev_Month_Low,Today_High,Today_Low,Broke_Month_High,Broke_Month_Low,%_From_Month_High,%_From_Month_Low,Session_Date
KOTAKBANK,441.0,2026-09,429.1,394.7,445.25,437.85,YES,,2.77,11.73,2026-10-09
TRENT,2918.2,2026-09,2911.9,2580.4,2930.5,2855.0,YES,,0.22,13.09,2026-10-09
ACC,1133.0,2026-09,1289.3,1188.1,1142.4,1124.6,,YES,-12.12,-4.64,2026-10-09
ADANIENT,2634.4,2026-09,3142.0,2793.7,2653.0,2582.3,,YES,-16.16,-5.7,2026-10-09
AMBUJACEM,351.5,2026-09,408.2,365.75,351.5,341.3,,YES,-13.89,-3.9,2026-10-09
APOLLOHOSP,8027.5,2026-09,9070.5,8053.0,8027.5,7775.5,,YES,-11.5,-0.32,2026-10-09
ASIANPAINT,2339.1,2026-09,2645.3,2381.0,2362.9,2322.2,,YES,-11.58,-1.76,2026-10-09
BAJAJ-AUTO,9778.0,2026-09,12470.0,10779.0,9968.0,9645.0,,YES,-21.59,-9.29,2026-10-09
BAJFINANCE,960.0,2026-09,1070.0,955.8,968.0,950.7,,YES,-10.28,0.44,2026-10-09
BANDHANBNK,157.0,2026-09,193.0,159.24,161.3,153.79,,YES,-18.65,-1.41,2026-10-09
BEL,368.15,2026-09,416.0,382.1,371.4,360.5,,YES,-11.5,-3.65,2026-10-09
BOSCHLTD,43545.0,2026-09,49400.0,45700.0,43585.0,42675.0,,YES,-11.85,-4.72,2026-10-09
BPCL,287.8,2026-09,321.95,296.0,289.4,283.75,,YES,-10.61,-2.77,2026-10-09
CANBK,119.59,2026-09,128.69,118.03,119.95,117.38,,YES,-7.07,1.32,2026-10-09
CHOLAFIN,1587.6,2026-09,1868.2,1600.1,1597.4,1543.5,,YES,-15.02,-0.78,2026-10-09
CIPLA,1301.0,2026-09,1425.7,1344.3,1316.4,1295.3,,YES,-8.75,-3.22,2026-10-09
COLPAL,1817.8,2026-09,1917.8,1763.3,1868.9,1736.2,,YES,-5.21,3.09,2026-10-09
CONCOR,442.0,2026-09,520.75,443.3,446.65,434.3,,YES,-15.12,-0.29,2026-10-09
CUMMINSIND,4830.0,2026-09,5237.0,4741.0,4859.0,4671.1,,YES,-7.77,1.88,2026-10-09
DELHIVERY,400.5,2026-09,465.9,400.35,403.0,393.9,,YES,-14.04,0.04,2026-10-09
EICHERMOT,7050.0,2026-09,8052.0,7120.0,7078.0,6801.0,,YES,-12.44,-0.98,2026-10-09
GAIL,166.64,2026-09,177.3,168.43,168.47,166.31,,YES,-6.01,-1.06,2026-10-09
GLENMARK,2293.0,2026-09,2494.9,2292.0,2293.0,2203.0,,YES,-8.09,0.04,2026-10-09
GRASIM,2890.0,2026-09,3337.0,3046.4,2894.9,2857.8,,YES,-13.4,-5.13,2026-10-09
HCLTECH,1216.7,2026-09,1368.0,1195.7,1221.0,1175.0,,YES,-11.06,1.76,2026-10-09
HEROMOTOCO,4895.5,2026-09,5659.0,5166.0,4953.0,4825.0,,YES,-13.49,-5.24,2026-10-09
HINDALCO,900.35,2026-09,1033.9,941.1,900.6,886.8,,YES,-12.92,-4.33,2026-10-09
HINDPETRO,326.0,2026-09,365.2,337.2,331.8,323.25,,YES,-10.73,-3.32,2026-10-09
HINDUNILVR,1856.7,2026-09,2003.0,1863.8,1868.9,1839.1,,YES,-7.3,-0.38,2026-10-09
IDFCFIRSTB,79.52,2026-09,89.61,78.6,79.8,78.12,,YES,-11.26,1.17,2026-10-09
INDUSINDBK,861.65,2026-09,1017.9,878.0,869.35,858.0,,YES,-15.35,-1.86,2026-10-09
IOC,126.35,2026-09,139.3,131.02,127.13,125.64,,YES,-9.3,-3.56,2026-10-09
ITC,266.0,2026-09,271.05,257.7,268.05,255.1,,YES,-1.86,3.22,2026-10-09
JINDALSTEL,1016.7,2026-09,1187.4,1058.0,1029.2,1006.1,,YES,-14.38,-3.9,2026-10-09
JSWSTEEL,1168.0,2026-09,1335.0,1227.0,1192.0,1163.3,,YES,-12.51,-4.81,2026-10-09
JUBLFOOD,422.75,2026-09,503.6,451.1,431.65,421.25,,YES,-16.05,-6.28,2026-10-09
LT,3703.3,2026-09,4038.0,3730.0,3709.2,3627.2,,YES,-8.29,-0.72,2026-10-09
LTF,261.2,2026-09,320.5,264.9,263.1,255.5,,YES,-18.5,-1.4,2026-10-09
LUPIN,1956.5,2026-09,2190.2,2027.0,1968.9,1942.0,,YES,-10.67,-3.48,2026-10-09
M&M,2796.2,2026-09,3368.0,2925.0,2820.0,2747.9,,YES,-16.98,-4.4,2026-10-09
MARUTI,11420.0,2026-09,13540.0,11831.0,11455.0,11247.0,,YES,-15.66,-3.47,2026-10-09
MFSL,1309.7,2026-09,1591.8,1344.3,1332.2,1301.0,,YES,-17.72,-2.57,2026-10-09
MOTHERSON,153.0,2026-09,170.0,156.4,154.94,151.37,,YES,-10.0,-2.17,2026-10-09
MRF,122090.0,2026-09,134795.0,122750.0,122980.0,121870.0,,YES,-9.43,-0.54,2026-10-09
MUTHOOTFIN,2624.7,2026-09,3009.2,2706.5,2659.9,2584.9,,YES,-12.78,-3.02,2026-10-09
NAUKRI,1219.0,2026-09,1371.7,1202.3,1235.0,1189.8,,YES,-11.13,1.39,2026-10-09
NMDC,71.8,2026-09,87.4,76.02,72.33,70.75,,YES,-17.85,-5.55,2026-10-09
NTPC,312.0,2026-09,337.5,317.55,314.35,309.55,,YES,-7.56,-1.75,2026-10-09
ONGC,221.27,2026-09,243.16,223.6,222.19,218.91,,YES,-9.0,-1.04,2026-10-09
PIIND,2118.2,2026-09,2509.0,2191.0,2143.5,2106.0,,YES,-15.58,-3.32,2026-10-09
POWERGRID,249.15,2026-09,274.05,258.1,251.1,246.15,,YES,-9.09,-3.47,2026-10-09
RELIANCE,1170.3,2026-09,1333.0,1181.7,1179.0,1160.2,,YES,-12.21,-0.96,2026-10-09
SAIL,171.55,2026-09,200.8,170.5,175.84,167.72,,YES,-14.57,0.62,2026-10-09
SBIN,959.1,2026-09,1051.3,953.0,959.9,938.1,,YES,-8.77,0.64,2026-10-09
SHRIRAMFIN,940.45,2026-09,1099.0,965.1,944.9,921.1,,YES,-14.43,-2.55,2026-10-09
SIEMENS,3595.0,2026-09,4111.9,3682.4,3668.0,3502.0,,YES,-12.57,-2.37,2026-10-09
SUNPHARMA,1760.0,2026-09,1963.1,1814.2,1776.8,1751.0,,YES,-10.35,-2.99,2026-10-09
TATACOMM,1656.7,2026-09,1831.5,1630.0,1677.3,1621.0,,YES,-9.54,1.64,2026-10-09
TATACONSUM,955.0,2026-09,1041.8,949.5,959.1,948.4,,YES,-8.33,0.58,2026-10-09
TATAPOWER,342.15,2026-09,377.65,347.15,342.15,333.6,,YES,-9.4,-1.44,2026-10-09
TATASTEEL,173.8,2026-09,191.8,180.28,174.44,170.23,,YES,-9.38,-3.59,2026-10-09
TECHM,1514.1,2026-09,1649.0,1498.0,1536.6,1496.2,,YES,-8.18,1.07,2026-10-09
TITAN,4410.0,2026-09,5126.5,4587.0,4430.7,4360.2,,YES,-13.98,-3.86,2026-10-09
TORNTPHARM,4656.9,2026-09,5025.0,4755.5,4660.0,4590.0,,YES,-7.33,-2.07,2026-10-09
TVSMOTOR,3866.8,2026-09,4409.0,4002.0,3892.9,3741.9,,YES,-12.3,-3.38,2026-10-09
ULTRACEMCO,10675.0,2026-09,11550.0,10639.0,10684.0,10479.0,,YES,-7.58,0.34,2026-10-09
UPL,488.45,2026-09,589.4,532.6,493.85,481.9,,YES,-17.13,-8.29,2026-10-09
VOLTAS,1033.7,2026-09,1206.9,1066.0,1048.5,1028.6,,YES,-14.35,-3.03,2026-10-09
